timestamp,prompt,duration,rbm_success_peak,rbm_verdict,outcome
2026-08-19T15:31:19,Move the vial from position 4 of the left rack to the bin.,33.0,0.211,0,
2026-08-19T15:31:30,Move the vial from position 3 of the right rack to slot 3 of the left rack.,38.0,0.017,0,
2026-08-19T15:59:11,Move the vial from position 4 of the left rack to the bin.,33.0,0.046,0,
2026-08-19T15:59:28,Move the vial from position 3 of the right rack to slot 3 of the left rack.,38.0,0.017,0,
2026-08-19T16:00:24,Move the vial from position 4 of the left rack to the bin.,33.0,0.045,0,
2026-08-19T16:00:34,Move the vial from position 3 of the right rack to slot 3 of the left rack.,38.0,0.022,0,
2026-08-19T16:01:02,Move the vial from position 4 of the left rack to the bin.,33.0,0.032,0,
2026-08-19T16:01:12,Move the vial from position 3 of the right rack to slot 3 of the left rack.,38.0,0.022,0,
2026-08-19T16:01:59,Move the vial from position 4 of the left rack to the bin.,33.0,0.048,0,
2026-08-19T16:02:06,Move the vial from position 3 of the right rack to slot 3 of the left rack.,38.0,0.016,0,
2026-08-19T16:02:53,Move the vial from position 4 of the left rack to the bin.,33.0,0.044,0,
2026-08-19T16:03:00,Move the vial from position 3 of the right rack to slot 3 of the left rack.,38.0,0.018,0,
2026-08-19T16:05:23,Move the vial from position 4 of the left rack to the bin.,38.0,0.156,0,
2026-08-19T16:17:56,Move the vial from position 4 of the left rack to the bin.,33.0,0.213,0,
2026-08-19T16:18:45,Move the vial from position 3 of the right rack to slot 3 of the left rack.,38.0,0.34,0,
2026-08-19T16:20:05,Move the vial from position 4 of the left rack to the bin.,33.0,0.013,0,
2026-08-19T16:36:33,Move the vial from position 4 of the left rack to the bin.,33.0,0.059,0,
2026-08-19T16:36:39,Move the vial from position 3 of the right rack to slot 3 of the left rack.,38.0,0.024,0,
2026-08-19T16:43:37,Move the vial from position 4 of the left rack to the bin.,33.0,0.186,0,
2026-08-19T16:44:26,Move the vial from position 3 of the right rack to slot 3 of the left rack.,38.0,0.594,1,
2026-08-19T16:46:23,Move the vial from position 4 of the left rack to the bin.,33.0,0.037,0,
2026-08-19T16:46:30,Move the vial from position 3 of the right rack to slot 3 of the left rack.,38.0,0.023,0,
2026-08-19T16:47:36,Move the vial from position 4 of the left rack to the bin.,33.0,0.157,0,
2026-08-19T16:48:25,Move the vial from position 3 of the right rack to slot 3 of the left rack.,38.0,0.508,1,
2026-08-19T17:13:29,Move the vial from position 4 of the left rack to the bin.,33.0,0.256,0,
2026-08-19T17:14:02,Move the vial from position 3 of the right rack to slot 3 of the left rack.,38.0,0.053,0,
2026-08-19T17:15:08,Move the vial from position 4 of the left rack to the bin.,33.0,0.279,0,
2026-08-19T17:15:56,Move the vial from position 3 of the right rack to slot 3 of the left rack.,38.0,0.322,0,
2026-08-21T19:48:49,Move the vial from position 4 of the left rack to the bin.,33.0,0.248,0,
2026-08-21T19:49:38,Move the vial from position 3 of the right rack to slot 3 of the left rack.,38.0,0.512,1,
2026-08-21T19:59:59,Move the vial from position 4 of the left rack to slot 3 of the right rack.,42.0,0.703,1,
2026-08-22T15:25:09,Move the vial from position 4 of the left rack to the bin.,33.0,0.25,0,
2026-08-22T15:25:57,Move the vial from position 3 of the right rack to slot 3 of the left rack.,38.0,0.326,0,
2026-08-22T16:37:35,20260822-163702,Move the vial from position 4 of the left rack to the bin.,0.1875,0,
2026-08-22T16:38:20,20260822-163741,Move the vial from position 3 of the right rack to slot 3 of the left rack.,0.2061,0,
2026-08-22T16:39:29,20260822-163847,Move the vial from position 4 of the left rack to slot 3 of the right rack.,0.3789,0,
2026-08-22T16:53:53,20260822-165309,Move the vial from position 3 of the right rack to slot 3 of the left rack.,0.6328,1,
2026-08-22T16:54:54,20260822-165415,Move the vial from position 6 of the left rack to the bin.,0.0757,0,
2026-08-22T16:55:58,20260822-165516,Move the vial from position 1 of the right rack to slot 3 of the left rack.,0.6953,1,
2026-08-22T16:57:18,20260822-165644,Move the vial from position 4 of the left rack to the bin.,0.0981,0,
2026-08-22T16:57:46,20260822-165724,Move the vial from position 3 of the right rack to slot 3 of the left rack.,0.4062,0,
2026-08-22T16:58:46,20260822-165803,Move the vial from position 3 of the right rack to slot 3 of the left rack.,0.5781,1,
2026-08-22T17:11:30,20260822-171120,Move the vial from position 4 of the left rack to slot 3 of the right rack.,,,
2026-08-22T17:12:31,20260822-171148,Move the vial from position 4 of the left rack to slot 3 of the right rack.,,,
2026-08-22T17:15:11,20260822-171432,Move the vial from position 6 of the left rack to the bin.,,,
2026-08-22T17:16:04,20260822-171532,Move the vial from position 6 of the left rack to the bin.,,,
2026-08-22T17:16:41,20260822-171615,Move the vial from position 1 of the left rack to the bin.,,,
2026-08-22T17:17:31,20260822-171652,Move the vial from position 1 of the left rack to the bin.,,,
2026-08-22T18:01:53,20260822-180119,Move the vial from position 4 of the left rack to the bin.,0.0566,0,
2026-08-22T18:02:38,20260822-180159,Move the vial from position 3 of the right rack to slot 3 of the left rack.,0.6836,1,
2026-08-22T18:03:32,20260822-180253,Move the vial from position 3 of the left rack to the bin.,0.0136,0,
2026-08-22T18:04:23,20260822-180344,Move the vial from position 3 of the left rack to the bin.,0.0942,0,
2026-08-22T18:17:59,20260822-181722,Move the vial from position 4 of the left rack to the bin.,0.0771,0,
2026-08-22T18:18:42,20260822-181801,Move the vial from position 3 of the right rack to slot 3 of the left rack.,0.5508,1,
2026-08-22T18:31:56,20260822-183118,Move the vial from position 4 of the left rack to the bin.,0.1143,0,
2026-08-22T18:32:39,20260822-183158,Move the vial from position 3 of the right rack to slot 3 of the left rack.,0.6602,1,
2026-08-22T18:35:18,20260822-183435,Move the vial from position 4 of the left rack to the bin.,0.1143,0,
2026-08-22T18:36:14,20260822-183537,Move the vial from position 3 of the left rack to the bin.,0.0216,0,
2026-08-22T18:37:05,20260822-183622,Move the vial from position 6 of the left rack to the bin.,0.0488,0,
2026-08-22T18:37:57,20260822-183714,Move the vial from position 1 of the right rack to the bin.,0.0952,0,
2026-08-22T18:39:08,20260822-183825,Move the vial from position 4 of the left rack to the bin.,0.105,0,
2026-08-22T18:40:07,20260822-183927,Move the vial from position 4 of the left rack to the bin.,0.126,0,
2026-08-22T18:41:10,20260822-184025,Move the vial from position 3 of the right rack to slot 3 of the left rack.,0.6367,1,
2026-08-22T18:50:32,20260822-185028,Move the vial from position 3 of the left rack to slot 1 of the right rack.,0.0535,0,
2026-08-22T18:50:44,20260822-185042,Move the vial from position 1 of the left rack to slot 3 of the right rack.,,,
2026-08-22T18:51:39,20260822-185054,Move the vial from position 1 of the left rack to slot 1 of the right rack.,0.8477,1,
2026-08-22T18:53:05,20260822-185221,Move the vial from position 1 of the left rack to slot 1 of the right rack.,0.6055,1,
2026-08-22T18:54:07,20260822-185322,Move the vial from position 1 of the left rack to slot 1 of the right rack.,0.6328,1,
2026-08-22T18:55:20,20260822-185435,Move the vial from position 1 of the left rack to slot 1 of the right rack.,0.7188,1,
2026-08-22T18:56:32,20260822-185547,Move the vial from position 1 of the left rack to slot 1 of the right rack.,0.6211,1,
2026-08-22T18:57:26,20260822-185645,Move the vial from position 1 of the left rack to slot 1 of the right rack.,0.793,1,
2026-08-22T18:58:35,20260822-185751,Move the vial from position 1 of the left rack to slot 1 of the right rack.,0.75,1,
2026-08-22T19:01:06,20260822-190021,Move the vial from position 1 of the left rack to slot 3 of the right rack.,0.7383,1,
2026-08-22T19:02:24,20260822-190140,Move the vial from position 1 of the left rack to slot 3 of the right rack.,0.6953,1,
2026-08-22T19:03:14,20260822-190312,Move the vial from position 1 of the left rack to slot 3 of the right rack.,0.0089,0,
2026-08-22T19:04:09,20260822-190325,Move the vial from position 1 of the left rack to slot 3 of the right rack.,0.7461,1,
2026-08-22T19:05:20,20260822-190436,Move the vial from position 1 of the left rack to slot 3 of the right rack.,0.668,1,
2026-08-22T19:05:53,20260822-190540,Move the vial from position 1 of the left rack to slot 3 of the right rack.,0.3184,0,
2026-08-22T19:06:46,20260822-190602,Move the vial from position 1 of the left rack to slot 3 of the right rack.,0.7461,1,
2026-08-22T19:07:43,20260822-190701,Move the vial from position 1 of the left rack to slot 3 of the right rack.,0.7266,1,
2026-08-22T19:08:56,20260822-190811,Move the vial from position 1 of the left rack to slot 3 of the right rack.,0.7773,1,
2026-08-22T19:25:54,20260822-192509,Move the vial from position 2 of the left rack to slot 3 of the right rack.,0.5352,1,
2026-08-22T19:27:20,20260822-192636,Move the vial from position 5 of the left rack to slot 3 of the right rack.,0.8828,1,
2026-08-22T20:06:35,20260822-200551,Move the vial from position 5 of the left rack to slot 3 of the right rack.,0.5391,1,
2026-08-22T20:08:46,20260822-200801,Move the vial from position 5 of the left rack to slot 3 of the right rack.,0.875,1,
2026-08-22T20:16:00,20260822-201515,Move the vial from position 5 of the left rack to slot 3 of the right rack.,0.8398,1,
2026-08-22T20:18:44,20260822-201800,Move the vial from position 5 of the left rack to slot 3 of the right rack.,0.5273,1,
2026-08-22T20:21:14,20260822-202030,Move the vial from position 5 of the left rack to slot 3 of the right rack.,0.3438,0,
2026-08-22T20:25:31,20260822-202446,Move the vial from position 3 of the left rack to slot 1 of the right rack.,0.7891,1,
2026-08-22T20:27:04,20260822-202620,Move the vial from position 3 of the left rack to slot 1 of the right rack.,0.7188,1,
2026-08-22T20:28:38,20260822-202754,Move the vial from position 3 of the left rack to slot 1 of the right rack.,0.4512,0,
2026-08-22T20:30:20,20260822-202936,Move the vial from position 3 of the left rack to slot 1 of the right rack.,0.5273,1,
2026-08-22T20:32:00,20260822-203116,Move the vial from position 3 of the left rack to slot 1 of the right rack.,0.6719,1,
2026-08-22T20:35:10,20260822-203426,Move the vial from position 3 of the left rack to slot 3 of the right rack.,0.4707,0,
2026-08-22T20:36:49,20260822-203605,Move the vial from position 3 of the left rack to slot 3 of the right rack.,0.5117,1,
2026-08-22T20:38:19,20260822-203734,Move the vial from position 3 of the left rack to slot 3 of the right rack.,0.6055,1,
2026-08-22T20:39:31,20260822-203846,Move the vial from position 3 of the left rack to slot 3 of the right rack.,0.6406,1,
2026-08-22T20:41:11,20260822-204027,Move the vial from position 3 of the left rack to slot 3 of the right rack.,0.5977,1,
2026-08-22T20:42:46,20260822-204219,Move the vial from position 4 of the left rack to slot 1 of the right rack.,0.3984,0,
2026-08-24T11:44:20,20260824-114418,Move the vial from position 4 of the left rack to slot 1 of the right rack.,,,
2026-08-24T12:35:55,20260824-123507,Move the vial from position 4 of the left rack to slot 1 of the right rack.,0.4219,0,
2026-08-24T12:41:55,20260824-124107,Move the vial from position 4 of the left rack to slot 1 of the right rack.,0.5664,1,
2026-08-24T14:40:39,20260824-143950,Move the vial from position 4 of the left rack to slot 1 of the right rack.,0.2217,0,
2026-08-24T14:42:35,20260824-144144,Move the vial from position 4 of the left rack to slot 1 of the right rack.,0.6406,1,
2026-08-24T14:44:38,20260824-144350,Move the vial from position 4 of the left rack to slot 1 of the right rack.,0.25,0,
2026-08-24T14:52:48,20260824-145201,Move the vial from position 4 of the left rack to slot 3 of the right rack.,0.2158,0,
2026-08-24T14:55:18,20260824-145427,Move the vial from position 4 of the left rack to slot 3 of the right rack.,0.377,0,
2026-08-24T14:57:12,20260824-145625,Move the vial from position 4 of the left rack to slot 3 of the right rack.,0.8867,1,
2026-08-24T14:59:03,20260824-145814,Move the vial from position 4 of the left rack to slot 3 of the right rack.,0.6289,1,
2026-08-24T15:00:53,20260824-150006,Move the vial from position 4 of the left rack to slot 3 of the right rack.,0.5586,1,
2026-08-24T15:03:10,20260824-150222,Move the vial from position 6 of the left rack to slot 6 of the right rack.,0.7383,1,
2026-08-24T15:04:35,20260824-150347,Move the vial from position 6 of the left rack to slot 6 of the right rack.,0.7578,1,
2026-08-24T15:06:13,20260824-150523,Move the vial from position 6 of the left rack to slot 6 of the right rack.,0.6836,1,
2026-08-24T15:07:52,20260824-150704,Move the vial from position 6 of the left rack to slot 6 of the right rack.,0.8555,1,
2026-08-24T15:10:00,20260824-150913,Move the vial from position 6 of the left rack to slot 6 of the right rack.,0.3457,0,
2026-08-24T15:12:08,20260824-151120,Move the vial from position 3 of the left rack to slot 6 of the left rack.,0.4316,0,
2026-08-24T15:14:09,20260824-151321,Move the vial from position 3 of the left rack to slot 6 of the left rack.,0.7266,1,
2026-08-24T15:15:41,20260824-151453,Move the vial from position 3 of the left rack to slot 6 of the left rack.,0.4023,0,
2026-08-24T15:17:42,20260824-151654,Move the vial from position 3 of the left rack to slot 6 of the left rack.,0.3477,0,
2026-08-24T15:19:33,20260824-151844,Move the vial from position 3 of the left rack to slot 6 of the left rack.,0.5938,1,
2026-08-24T15:21:36,20260824-152050,Move the vial from position 4 of the left rack to the bin.,0.0439,0,
2026-08-24T15:22:59,20260824-152212,Move the vial from position 4 of the left rack to the bin.,0.0574,0,
2026-08-24T15:25:18,20260824-152432,Move the vial from position 4 of the left rack to the bin.,0.105,0,
2026-08-24T15:26:55,20260824-152609,Move the vial from position 4 of the left rack to the bin.,0.0408,0,
2026-08-24T15:28:21,20260824-152735,Move the vial from position 4 of the left rack to the bin.,0.168,0,
2026-08-24T15:30:59,20260824-153009,Move the vial from position 2 of the right rack to the bin.,0.3125,0,
2026-08-24T15:32:33,20260824-153146,Move the vial from position 2 of the right rack to the bin.,0.125,0,
2026-08-24T15:34:04,20260824-153317,Move the vial from position 2 of the right rack to the bin.,0.1885,0,
2026-08-24T15:36:00,20260824-153511,Move the vial from position 2 of the right rack to the bin.,0.1934,0,
2026-08-24T15:37:24,20260824-153645,Move the vial from position 2 of the right rack to the bin.,0.0559,0,
2026-08-24T15:39:40,20260824-153853,Move the vial from position 1 of the right rack to slot 3 of the left rack.,0.7891,1,
2026-08-24T15:41:57,20260824-154109,Move the vial from position 1 of the right rack to slot 3 of the left rack.,0.8086,1,
2026-08-24T15:43:30,20260824-154242,Move the vial from position 1 of the right rack to slot 3 of the left rack.,0.6719,1,
2026-08-24T15:49:19,20260824-154832,Move the vial from position 1 of the right rack to slot 3 of the left rack.,0.7617,1,
2026-08-24T15:51:55,20260824-155108,Move the vial from position 1 of the right rack to slot 3 of the left rack.,0.7695,1,
2026-08-24T15:54:57,20260824-155409,Move the vial from position 3 of the right rack to slot 3 of the left rack.,0.6406,1,
2026-08-24T15:58:43,20260824-155754,Move the vial from position 3 of the right rack to slot 3 of the left rack.,0.7578,1,
2026-08-24T16:00:28,20260824-155941,Move the vial from position 3 of the right rack to slot 3 of the left rack.,0.7695,1,
2026-08-24T16:01:58,20260824-160111,Move the vial from position 3 of the right rack to slot 3 of the left rack.,0.7383,1,
2026-08-24T16:03:35,20260824-160246,Move the vial from position 3 of the right rack to slot 3 of the left rack.,0.6055,1,
2026-08-24T16:05:16,20260824-160427,Move the vial from position 3 of the right rack to slot 6 of the left rack.,0.7539,1,
2026-08-24T16:07:25,20260824-160637,Move the vial from position 3 of the right rack to slot 6 of the left rack.,0.4668,0,
2026-08-24T16:08:36,20260824-160748,Move the vial from position 3 of the right rack to slot 6 of the left rack.,0.4746,0,
2026-08-24T16:09:38,20260824-160851,Move the vial from position 3 of the right rack to slot 6 of the left rack.,0.6562,1,
2026-08-24T16:11:22,20260824-161034,Move the vial from position 3 of the right rack to slot 6 of the left rack.,0.7539,1,
2026-08-24T16:14:16,20260824-161328,Move the vial from position 6 of the right rack to slot 6 of the left rack.,0.7109,1,
2026-08-24T16:16:06,20260824-161519,Move the vial from position 6 of the right rack to slot 6 of the left rack.,0.4512,0,
2026-08-24T16:17:08,20260824-161620,Move the vial from position 6 of the right rack to slot 6 of the left rack.,0.5156,1,
2026-08-24T16:18:22,20260824-161735,Move the vial from position 6 of the right rack to slot 6 of the left rack.,0.3848,0,
2026-08-24T16:20:25,20260824-161936,Move the vial from position 6 of the right rack to slot 6 of the left rack.,0.4512,0,
